{"cameraMode":{"drawMode":0,"name":"Shaded","section":"Shading Mode"},"sceneLighting":true,"audioPlay":false,"sceneViewState":{"m_AlwaysRefresh":false,"showFog":true,"showSkybox":true,"showFlares":true,"showImageEffects":true,"showParticleSystems":true,"showVisualEffectGraphs":true,"m_FxEnabled":true},"in2DMode":false,"pivot":{"x":0.6168193817138672,"y":1.064955711364746,"z":0.7901598215103149},"rotation":{"x":-0.032130882143974307,"y":0.6391680240631104,"z":-0.026734353974461557,"w":-0.7679834961891174},"size":7.444869041442871,"orthographic":false}