{"cameraMode":{"drawMode":0,"name":"Shaded","section":"Shading Mode"},"sceneLighting":true,"audioPlay":false,"sceneViewState":{"m_AlwaysRefresh":false,"showFog":true,"showSkybox":true,"showFlares":true,"showImageEffects":true,"showParticleSystems":true,"showVisualEffectGraphs":true,"m_FxEnabled":true},"in2DMode":false,"pivot":{"x":16.38705825805664,"y":8.419456481933594,"z":-27.128602981567384},"rotation":{"x":-0.011584273539483548,"y":-0.8570337295532227,"z":-0.019286660477519037,"w":0.5147778391838074},"size":14.067251205444336,"orthographic":false}