{"cameraMode":{"drawMode":0,"name":"Shaded","section":"Shading Mode"},"sceneLighting":true,"audioPlay":false,"sceneViewState":{"m_AlwaysRefresh":false,"showFog":true,"showSkybox":false,"showFlares":true,"showImageEffects":true,"showParticleSystems":true,"showVisualEffectGraphs":true,"m_FxEnabled":true},"in2DMode":false,"pivot":{"x":-0.039999961853027347,"y":1.312999963760376,"z":0.08499908447265625},"rotation":{"x":0.016422443091869355,"y":0.6314781904220581,"z":0.013391468673944474,"w":-0.7751561999320984},"size":12.12435531616211,"orthographic":false}